no,iso_code,continent,location,date,total_cases
1,GTM,North America,Guatemala,1/5/2020,0
2,GTM,North America,Guatemala,1/6/2020,0
3,GTM,North America,Guatemala,1/7/2020,0
4,GTM,North America,Guatemala,1/8/2020,0
5,GTM,North America,Guatemala,1/9/2020,0
6,GTM,North America,Guatemala,1/10/2020,0
7,GTM,North America,Guatemala,1/11/2020,0
8,GTM,North America,Guatemala,1/12/2020,0
9,GTM,North America,Guatemala,1/13/2020,0
10,GTM,North America,Guatemala,1/14/2020,0
11,GTM,North America,Guatemala,1/15/2020,0
12,GTM,North America,Guatemala,1/16/2020,0
13,GTM,North America,Guatemala,1/17/2020,0
14,GTM,North America,Guatemala,1/18/2020,0
15,GTM,North America,Guatemala,1/19/2020,0
16,GTM,North America,Guatemala,1/20/2020,0
17,GTM,North America,Guatemala,1/21/2020,0
18,GTM,North America,Guatemala,1/22/2020,0
19,GTM,North America,Guatemala,1/23/2020,0
20,GTM,North America,Guatemala,1/24/2020,0
21,GTM,North America,Guatemala,1/25/2020,0
22,GTM,North America,Guatemala,1/26/2020,0
23,GTM,North America,Guatemala,1/27/2020,0
24,GTM,North America,Guatemala,1/28/2020,0
25,GTM,North America,Guatemala,1/29/2020,0
26,GTM,North America,Guatemala,1/30/2020,0
27,GTM,North America,Guatemala,1/31/2020,0
28,GTM,North America,Guatemala,2/1/2020,0
29,GTM,North America,Guatemala,2/2/2020,0
30,GTM,North America,Guatemala,2/3/2020,0
31,GTM,North America,Guatemala,2/4/2020,0
32,GTM,North America,Guatemala,2/5/2020,0
33,GTM,North America,Guatemala,2/6/2020,0
34,GTM,North America,Guatemala,2/7/2020,0
35,GTM,North America,Guatemala,2/8/2020,0
36,GTM,North America,Guatemala,2/9/2020,0
37,GTM,North America,Guatemala,2/10/2020,0
38,GTM,North America,Guatemala,2/11/2020,0
39,GTM,North America,Guatemala,2/12/2020,0
40,GTM,North America,Guatemala,2/13/2020,0
41,GTM,North America,Guatemala,2/14/2020,0
42,GTM,North America,Guatemala,2/15/2020,0
43,GTM,North America,Guatemala,2/16/2020,0
44,GTM,North America,Guatemala,2/17/2020,0
45,GTM,North America,Guatemala,2/18/2020,0
46,GTM,North America,Guatemala,2/19/2020,0
47,GTM,North America,Guatemala,2/20/2020,0
48,GTM,North America,Guatemala,2/21/2020,0
49,GTM,North America,Guatemala,2/22/2020,0
50,GTM,North America,Guatemala,2/23/2020,0
51,GTM,North America,Guatemala,2/24/2020,0
52,GTM,North America,Guatemala,2/25/2020,0
53,GTM,North America,Guatemala,2/26/2020,0
54,GTM,North America,Guatemala,2/27/2020,0
55,GTM,North America,Guatemala,2/28/2020,0
56,GTM,North America,Guatemala,2/29/2020,0
57,GTM,North America,Guatemala,3/1/2020,0
58,GTM,North America,Guatemala,3/2/2020,0
59,GTM,North America,Guatemala,3/3/2020,0
60,GTM,North America,Guatemala,3/4/2020,0
61,GTM,North America,Guatemala,3/5/2020,0
62,GTM,North America,Guatemala,3/6/2020,0
63,GTM,North America,Guatemala,3/7/2020,0
64,GTM,North America,Guatemala,3/8/2020,0
65,GTM,North America,Guatemala,3/9/2020,0
66,GTM,North America,Guatemala,3/10/2020,0
67,GTM,North America,Guatemala,3/11/2020,0
68,GTM,North America,Guatemala,3/12/2020,0
69,GTM,North America,Guatemala,3/13/2020,0
70,GTM,North America,Guatemala,3/14/2020,0
71,GTM,North America,Guatemala,3/15/2020,1
72,GTM,North America,Guatemala,3/16/2020,1
73,GTM,North America,Guatemala,3/17/2020,1
74,GTM,North America,Guatemala,3/18/2020,1
75,GTM,North America,Guatemala,3/19/2020,1
76,GTM,North America,Guatemala,3/20/2020,1
77,GTM,North America,Guatemala,3/21/2020,1
78,GTM,North America,Guatemala,3/22/2020,12
79,GTM,North America,Guatemala,3/23/2020,12
80,GTM,North America,Guatemala,3/24/2020,12
81,GTM,North America,Guatemala,3/25/2020,12
82,GTM,North America,Guatemala,3/26/2020,12
83,GTM,North America,Guatemala,3/27/2020,12
84,GTM,North America,Guatemala,3/28/2020,12
85,GTM,North America,Guatemala,3/29/2020,77
86,GTM,North America,Guatemala,3/30/2020,77
87,GTM,North America,Guatemala,3/31/2020,77
88,GTM,North America,Guatemala,4/1/2020,77
89,GTM,North America,Guatemala,4/2/2020,77
90,GTM,North America,Guatemala,4/3/2020,77
91,GTM,North America,Guatemala,4/4/2020,77
92,GTM,North America,Guatemala,4/5/2020,50
93,GTM,North America,Guatemala,4/6/2020,50
94,GTM,North America,Guatemala,4/7/2020,50
95,GTM,North America,Guatemala,4/8/2020,50
96,GTM,North America,Guatemala,4/9/2020,50
97,GTM,North America,Guatemala,4/10/2020,50
98,GTM,North America,Guatemala,4/11/2020,50
99,GTM,North America,Guatemala,4/12/2020,137
100,GTM,North America,Guatemala,4/13/2020,137
101,GTM,North America,Guatemala,4/14/2020,137
102,GTM,North America,Guatemala,4/15/2020,137
103,GTM,North America,Guatemala,4/16/2020,137
104,GTM,North America,Guatemala,4/17/2020,137
105,GTM,North America,Guatemala,4/18/2020,137
106,GTM,North America,Guatemala,4/19/2020,235
107,GTM,North America,Guatemala,4/20/2020,235
108,GTM,North America,Guatemala,4/21/2020,235
109,GTM,North America,Guatemala,4/22/2020,235
110,GTM,North America,Guatemala,4/23/2020,235
111,GTM,North America,Guatemala,4/24/2020,235
112,GTM,North America,Guatemala,4/25/2020,235
113,GTM,North America,Guatemala,4/26/2020,430
114,GTM,North America,Guatemala,4/27/2020,430
115,GTM,North America,Guatemala,4/28/2020,430
116,GTM,North America,Guatemala,4/29/2020,430
117,GTM,North America,Guatemala,4/30/2020,430
118,GTM,North America,Guatemala,5/1/2020,430
119,GTM,North America,Guatemala,5/2/2020,430
120,GTM,North America,Guatemala,5/3/2020,644
121,GTM,North America,Guatemala,5/4/2020,644
122,GTM,North America,Guatemala,5/5/2020,644
123,GTM,North America,Guatemala,5/6/2020,644
124,GTM,North America,Guatemala,5/7/2020,644
125,GTM,North America,Guatemala,5/8/2020,644
126,GTM,North America,Guatemala,5/9/2020,644
127,GTM,North America,Guatemala,5/10/2020,900
128,GTM,North America,Guatemala,5/11/2020,900
129,GTM,North America,Guatemala,5/12/2020,900
130,GTM,North America,Guatemala,5/13/2020,900
131,GTM,North America,Guatemala,5/14/2020,900
132,GTM,North America,Guatemala,5/15/2020,900
133,GTM,North America,Guatemala,5/16/2020,900
134,GTM,North America,Guatemala,5/17/2020,1643
135,GTM,North America,Guatemala,5/18/2020,1643
136,GTM,North America,Guatemala,5/19/2020,1643
137,GTM,North America,Guatemala,5/20/2020,1643
138,GTM,North America,Guatemala,5/21/2020,1643
139,GTM,North America,Guatemala,5/22/2020,1643
140,GTM,North America,Guatemala,5/23/2020,1643
141,GTM,North America,Guatemala,5/24/2020,2743
142,GTM,North America,Guatemala,5/25/2020,2743
143,GTM,North America,Guatemala,5/26/2020,2743
144,GTM,North America,Guatemala,5/27/2020,2743
145,GTM,North America,Guatemala,5/28/2020,2743
146,GTM,North America,Guatemala,5/29/2020,2743
147,GTM,North America,Guatemala,5/30/2020,2743
148,GTM,North America,Guatemala,5/31/2020,4607
149,GTM,North America,Guatemala,6/1/2020,4607
150,GTM,North America,Guatemala,6/2/2020,4607
151,GTM,North America,Guatemala,6/3/2020,4607
152,GTM,North America,Guatemala,6/4/2020,4607
153,GTM,North America,Guatemala,6/5/2020,4607
154,GTM,North America,Guatemala,6/6/2020,4607
155,GTM,North America,Guatemala,6/7/2020,6485
156,GTM,North America,Guatemala,6/8/2020,6485
157,GTM,North America,Guatemala,6/9/2020,6485
158,GTM,North America,Guatemala,6/10/2020,6485
159,GTM,North America,Guatemala,6/11/2020,6485
160,GTM,North America,Guatemala,6/12/2020,6485
161,GTM,North America,Guatemala,6/13/2020,6485
162,GTM,North America,Guatemala,6/14/2020,8982
163,GTM,North America,Guatemala,6/15/2020,8982
164,GTM,North America,Guatemala,6/16/2020,8982
165,GTM,North America,Guatemala,6/17/2020,8982
166,GTM,North America,Guatemala,6/18/2020,8982
167,GTM,North America,Guatemala,6/19/2020,8982
168,GTM,North America,Guatemala,6/20/2020,8982
169,GTM,North America,Guatemala,6/21/2020,12509
170,GTM,North America,Guatemala,6/22/2020,12509
171,GTM,North America,Guatemala,6/23/2020,12509
172,GTM,North America,Guatemala,6/24/2020,12509
173,GTM,North America,Guatemala,6/25/2020,12509
174,GTM,North America,Guatemala,6/26/2020,12509
175,GTM,North America,Guatemala,6/27/2020,12509
176,GTM,North America,Guatemala,6/28/2020,15828
177,GTM,North America,Guatemala,6/29/2020,15828
178,GTM,North America,Guatemala,6/30/2020,15828
179,GTM,North America,Guatemala,7/1/2020,15828
180,GTM,North America,Guatemala,7/2/2020,15828
181,GTM,North America,Guatemala,7/3/2020,15828
182,GTM,North America,Guatemala,7/4/2020,15828
183,GTM,North America,Guatemala,7/5/2020,21293
184,GTM,North America,Guatemala,7/6/2020,21293
185,GTM,North America,Guatemala,7/7/2020,21293
186,GTM,North America,Guatemala,7/8/2020,21293
187,GTM,North America,Guatemala,7/9/2020,21293
188,GTM,North America,Guatemala,7/10/2020,21293
189,GTM,North America,Guatemala,7/11/2020,21293
190,GTM,North America,Guatemala,7/12/2020,27619
191,GTM,North America,Guatemala,7/13/2020,27619
192,GTM,North America,Guatemala,7/14/2020,27619
193,GTM,North America,Guatemala,7/15/2020,27619
194,GTM,North America,Guatemala,7/16/2020,27619
195,GTM,North America,Guatemala,7/17/2020,27619
196,GTM,North America,Guatemala,7/18/2020,27619
197,GTM,North America,Guatemala,7/19/2020,33809
198,GTM,North America,Guatemala,7/20/2020,33809
199,GTM,North America,Guatemala,7/21/2020,33809
200,GTM,North America,Guatemala,7/22/2020,33809
201,GTM,North America,Guatemala,7/23/2020,33809
202,GTM,North America,Guatemala,7/24/2020,33809
203,GTM,North America,Guatemala,7/25/2020,33809
204,GTM,North America,Guatemala,7/26/2020,44492
205,GTM,North America,Guatemala,7/27/2020,44492
206,GTM,North America,Guatemala,7/28/2020,44492
207,GTM,North America,Guatemala,7/29/2020,44492
208,GTM,North America,Guatemala,7/30/2020,44492
209,GTM,North America,Guatemala,7/31/2020,44492
210,GTM,North America,Guatemala,8/1/2020,44492
211,GTM,North America,Guatemala,8/2/2020,50979
212,GTM,North America,Guatemala,8/3/2020,50979
213,GTM,North America,Guatemala,8/4/2020,50979
214,GTM,North America,Guatemala,8/5/2020,50979
215,GTM,North America,Guatemala,8/6/2020,50979
216,GTM,North America,Guatemala,8/7/2020,50979
217,GTM,North America,Guatemala,8/8/2020,50979
218,GTM,North America,Guatemala,8/9/2020,56189
219,GTM,North America,Guatemala,8/10/2020,56189
220,GTM,North America,Guatemala,8/11/2020,56189
221,GTM,North America,Guatemala,8/12/2020,56189
222,GTM,North America,Guatemala,8/13/2020,56189
223,GTM,North America,Guatemala,8/14/2020,56189
224,GTM,North America,Guatemala,8/15/2020,56189
225,GTM,North America,Guatemala,8/16/2020,62313
226,GTM,North America,Guatemala,8/17/2020,62313
227,GTM,North America,Guatemala,8/18/2020,62313
228,GTM,North America,Guatemala,8/19/2020,62313
229,GTM,North America,Guatemala,8/20/2020,62313
230,GTM,North America,Guatemala,8/21/2020,62313
231,GTM,North America,Guatemala,8/22/2020,62313
232,GTM,North America,Guatemala,8/23/2020,67856
233,GTM,North America,Guatemala,8/24/2020,67856
234,GTM,North America,Guatemala,8/25/2020,67856
235,GTM,North America,Guatemala,8/26/2020,67856
236,GTM,North America,Guatemala,8/27/2020,67856
237,GTM,North America,Guatemala,8/28/2020,67856
238,GTM,North America,Guatemala,8/29/2020,67856
239,GTM,North America,Guatemala,8/30/2020,73679
240,GTM,North America,Guatemala,8/31/2020,73679
241,GTM,North America,Guatemala,9/1/2020,73679
242,GTM,North America,Guatemala,9/2/2020,73679
243,GTM,North America,Guatemala,9/3/2020,73679
244,GTM,North America,Guatemala,9/4/2020,73679
245,GTM,North America,Guatemala,9/5/2020,73679
246,GTM,North America,Guatemala,9/6/2020,77481
247,GTM,North America,Guatemala,9/7/2020,77481
248,GTM,North America,Guatemala,9/8/2020,77481
249,GTM,North America,Guatemala,9/9/2020,77481
250,GTM,North America,Guatemala,9/10/2020,77481
251,GTM,North America,Guatemala,9/11/2020,77481
252,GTM,North America,Guatemala,9/12/2020,77481
253,GTM,North America,Guatemala,9/13/2020,81658
254,GTM,North America,Guatemala,9/14/2020,81658
255,GTM,North America,Guatemala,9/15/2020,81658
256,GTM,North America,Guatemala,9/16/2020,81658
257,GTM,North America,Guatemala,9/17/2020,81658
258,GTM,North America,Guatemala,9/18/2020,81658
259,GTM,North America,Guatemala,9/19/2020,81658
260,GTM,North America,Guatemala,9/20/2020,85152
261,GTM,North America,Guatemala,9/21/2020,85152
262,GTM,North America,Guatemala,9/22/2020,85152
263,GTM,North America,Guatemala,9/23/2020,85152
264,GTM,North America,Guatemala,9/24/2020,85152
265,GTM,North America,Guatemala,9/25/2020,85152
266,GTM,North America,Guatemala,9/26/2020,85152
267,GTM,North America,Guatemala,9/27/2020,89702
268,GTM,North America,Guatemala,9/28/2020,89702
269,GTM,North America,Guatemala,9/29/2020,89702
270,GTM,North America,Guatemala,9/30/2020,89702
271,GTM,North America,Guatemala,10/1/2020,89702
272,GTM,North America,Guatemala,10/2/2020,89702
273,GTM,North America,Guatemala,10/3/2020,89702
274,GTM,North America,Guatemala,10/4/2020,93748
275,GTM,North America,Guatemala,10/5/2020,93748
276,GTM,North America,Guatemala,10/6/2020,93748
277,GTM,North America,Guatemala,10/7/2020,93748
278,GTM,North America,Guatemala,10/8/2020,93748
279,GTM,North America,Guatemala,10/9/2020,93748
280,GTM,North America,Guatemala,10/10/2020,93748
281,GTM,North America,Guatemala,10/11/2020,97544
282,GTM,North America,Guatemala,10/12/2020,97544
283,GTM,North America,Guatemala,10/13/2020,97544
284,GTM,North America,Guatemala,10/14/2020,97544
285,GTM,North America,Guatemala,10/15/2020,97544
286,GTM,North America,Guatemala,10/16/2020,97544
287,GTM,North America,Guatemala,10/17/2020,97544
288,GTM,North America,Guatemala,10/18/2020,101028
289,GTM,North America,Guatemala,10/19/2020,101028
290,GTM,North America,Guatemala,10/20/2020,101028
291,GTM,North America,Guatemala,10/21/2020,101028
292,GTM,North America,Guatemala,10/22/2020,101028
293,GTM,North America,Guatemala,10/23/2020,101028
294,GTM,North America,Guatemala,10/24/2020,101028
295,GTM,North America,Guatemala,10/25/2020,104632
296,GTM,North America,Guatemala,10/26/2020,104632
297,GTM,North America,Guatemala,10/27/2020,104632
298,GTM,North America,Guatemala,10/28/2020,104632
299,GTM,North America,Guatemala,10/29/2020,104632
300,GTM,North America,Guatemala,10/30/2020,104632
301,GTM,North America,Guatemala,10/31/2020,104632
302,GTM,North America,Guatemala,11/1/2020,107939
303,GTM,North America,Guatemala,11/2/2020,107939
304,GTM,North America,Guatemala,11/3/2020,107939
305,GTM,North America,Guatemala,11/4/2020,107939
306,GTM,North America,Guatemala,11/5/2020,107939
307,GTM,North America,Guatemala,11/6/2020,107939
308,GTM,North America,Guatemala,11/7/2020,107939
309,GTM,North America,Guatemala,11/8/2020,111050
310,GTM,North America,Guatemala,11/9/2020,111050
311,GTM,North America,Guatemala,11/10/2020,111050
312,GTM,North America,Guatemala,11/11/2020,111050
313,GTM,North America,Guatemala,11/12/2020,111050
314,GTM,North America,Guatemala,11/13/2020,111050
315,GTM,North America,Guatemala,11/14/2020,111050
316,GTM,North America,Guatemala,11/15/2020,114719
317,GTM,North America,Guatemala,11/16/2020,114719
318,GTM,North America,Guatemala,11/17/2020,114719
319,GTM,North America,Guatemala,11/18/2020,114719
320,GTM,North America,Guatemala,11/19/2020,114719
321,GTM,North America,Guatemala,11/20/2020,114719
322,GTM,North America,Guatemala,11/21/2020,114719
323,GTM,North America,Guatemala,11/22/2020,118417
324,GTM,North America,Guatemala,11/23/2020,118417
325,GTM,North America,Guatemala,11/24/2020,118417
326,GTM,North America,Guatemala,11/25/2020,118417
327,GTM,North America,Guatemala,11/26/2020,118417
328,GTM,North America,Guatemala,11/27/2020,118417
329,GTM,North America,Guatemala,11/28/2020,118417
330,GTM,North America,Guatemala,11/29/2020,121798
331,GTM,North America,Guatemala,11/30/2020,121798
332,GTM,North America,Guatemala,12/1/2020,121798
333,GTM,North America,Guatemala,12/2/2020,121798
334,GTM,North America,Guatemala,12/3/2020,121798
335,GTM,North America,Guatemala,12/4/2020,121798
336,GTM,North America,Guatemala,12/5/2020,121798
337,GTM,North America,Guatemala,12/6/2020,125352
338,GTM,North America,Guatemala,12/7/2020,125352
339,GTM,North America,Guatemala,12/8/2020,125352
340,GTM,North America,Guatemala,12/9/2020,125352
341,GTM,North America,Guatemala,12/10/2020,125352
342,GTM,North America,Guatemala,12/11/2020,125352
343,GTM,North America,Guatemala,12/12/2020,125352
344,GTM,North America,Guatemala,12/13/2020,129099
345,GTM,North America,Guatemala,12/14/2020,129099
346,GTM,North America,Guatemala,12/15/2020,129099
347,GTM,North America,Guatemala,12/16/2020,129099
348,GTM,North America,Guatemala,12/17/2020,129099
349,GTM,North America,Guatemala,12/18/2020,129099
350,GTM,North America,Guatemala,12/19/2020,129099
351,GTM,North America,Guatemala,12/20/2020,132595
352,GTM,North America,Guatemala,12/21/2020,132595
353,GTM,North America,Guatemala,12/22/2020,132595
354,GTM,North America,Guatemala,12/23/2020,132595
355,GTM,North America,Guatemala,12/24/2020,132595
356,GTM,North America,Guatemala,12/25/2020,132595
357,GTM,North America,Guatemala,12/26/2020,132595
358,GTM,North America,Guatemala,12/27/2020,135171
359,GTM,North America,Guatemala,12/28/2020,135171
360,GTM,North America,Guatemala,12/29/2020,135171
361,GTM,North America,Guatemala,12/30/2020,135171
362,GTM,North America,Guatemala,12/31/2020,135171
363,GTM,North America,Guatemala,1/1/2021,135171
364,GTM,North America,Guatemala,1/2/2021,135171
365,GTM,North America,Guatemala,1/3/2021,138316
366,GTM,North America,Guatemala,1/4/2021,138316
367,GTM,North America,Guatemala,1/5/2021,138316
368,GTM,North America,Guatemala,1/6/2021,138316
369,GTM,North America,Guatemala,1/7/2021,138316
370,GTM,North America,Guatemala,1/8/2021,138316
371,GTM,North America,Guatemala,1/9/2021,138316
372,GTM,North America,Guatemala,1/10/2021,143127
373,GTM,North America,Guatemala,1/11/2021,143127
374,GTM,North America,Guatemala,1/12/2021,143127
375,GTM,North America,Guatemala,1/13/2021,143127
376,GTM,North America,Guatemala,1/14/2021,143127
377,GTM,North America,Guatemala,1/15/2021,143127
378,GTM,North America,Guatemala,1/16/2021,143127
379,GTM,North America,Guatemala,1/17/2021,148598
380,GTM,North America,Guatemala,1/18/2021,148598
381,GTM,North America,Guatemala,1/19/2021,148598
382,GTM,North America,Guatemala,1/20/2021,148598
383,GTM,North America,Guatemala,1/21/2021,148598
384,GTM,North America,Guatemala,1/22/2021,148598
385,GTM,North America,Guatemala,1/23/2021,148598
386,GTM,North America,Guatemala,1/24/2021,153890
387,GTM,North America,Guatemala,1/25/2021,153890
388,GTM,North America,Guatemala,1/26/2021,153890
389,GTM,North America,Guatemala,1/27/2021,153890
390,GTM,North America,Guatemala,1/28/2021,153890
391,GTM,North America,Guatemala,1/29/2021,153890
392,GTM,North America,Guatemala,1/30/2021,153890
393,GTM,North America,Guatemala,1/31/2021,159118
394,GTM,North America,Guatemala,2/1/2021,159118
395,GTM,North America,Guatemala,2/2/2021,159118
396,GTM,North America,Guatemala,2/3/2021,159118
397,GTM,North America,Guatemala,2/4/2021,159118
398,GTM,North America,Guatemala,2/5/2021,159118
399,GTM,North America,Guatemala,2/6/2021,159118
400,GTM,North America,Guatemala,2/7/2021,162937
401,GTM,North America,Guatemala,2/8/2021,162937
402,GTM,North America,Guatemala,2/9/2021,162937
403,GTM,North America,Guatemala,2/10/2021,162937
404,GTM,North America,Guatemala,2/11/2021,162937
405,GTM,North America,Guatemala,2/12/2021,162937
406,GTM,North America,Guatemala,2/13/2021,162937
407,GTM,North America,Guatemala,2/14/2021,167071
408,GTM,North America,Guatemala,2/15/2021,167071
409,GTM,North America,Guatemala,2/16/2021,167071
410,GTM,North America,Guatemala,2/17/2021,167071
411,GTM,North America,Guatemala,2/18/2021,167071
412,GTM,North America,Guatemala,2/19/2021,167071
413,GTM,North America,Guatemala,2/20/2021,167071
414,GTM,North America,Guatemala,2/21/2021,170931
415,GTM,North America,Guatemala,2/22/2021,170931
416,GTM,North America,Guatemala,2/23/2021,170931
417,GTM,North America,Guatemala,2/24/2021,170931
418,GTM,North America,Guatemala,2/25/2021,170931
419,GTM,North America,Guatemala,2/26/2021,170931
420,GTM,North America,Guatemala,2/27/2021,170931
421,GTM,North America,Guatemala,2/28/2021,174335
422,GTM,North America,Guatemala,3/1/2021,174335
423,GTM,North America,Guatemala,3/2/2021,174335
424,GTM,North America,Guatemala,3/3/2021,174335
425,GTM,North America,Guatemala,3/4/2021,174335
426,GTM,North America,Guatemala,3/5/2021,174335
427,GTM,North America,Guatemala,3/6/2021,174335
428,GTM,North America,Guatemala,3/7/2021,178337
429,GTM,North America,Guatemala,3/8/2021,178337
430,GTM,North America,Guatemala,3/9/2021,178337
431,GTM,North America,Guatemala,3/10/2021,178337
432,GTM,North America,Guatemala,3/11/2021,178337
433,GTM,North America,Guatemala,3/12/2021,178337
434,GTM,North America,Guatemala,3/13/2021,178337
435,GTM,North America,Guatemala,3/14/2021,182679
436,GTM,North America,Guatemala,3/15/2021,182679
437,GTM,North America,Guatemala,3/16/2021,182679
438,GTM,North America,Guatemala,3/17/2021,182679
439,GTM,North America,Guatemala,3/18/2021,182679
440,GTM,North America,Guatemala,3/19/2021,182679
441,GTM,North America,Guatemala,3/20/2021,182679
442,GTM,North America,Guatemala,3/21/2021,187659
443,GTM,North America,Guatemala,3/22/2021,187659
444,GTM,North America,Guatemala,3/23/2021,187659
445,GTM,North America,Guatemala,3/24/2021,187659
446,GTM,North America,Guatemala,3/25/2021,187659
447,GTM,North America,Guatemala,3/26/2021,187659
448,GTM,North America,Guatemala,3/27/2021,187659
449,GTM,North America,Guatemala,3/28/2021,193050
450,GTM,North America,Guatemala,3/29/2021,193050
451,GTM,North America,Guatemala,3/30/2021,193050
452,GTM,North America,Guatemala,3/31/2021,193050
453,GTM,North America,Guatemala,4/1/2021,193050
454,GTM,North America,Guatemala,4/2/2021,193050
455,GTM,North America,Guatemala,4/3/2021,193050
456,GTM,North America,Guatemala,4/4/2021,195239
457,GTM,North America,Guatemala,4/5/2021,195239
458,GTM,North America,Guatemala,4/6/2021,195239
459,GTM,North America,Guatemala,4/7/2021,195239
460,GTM,North America,Guatemala,4/8/2021,195239
461,GTM,North America,Guatemala,4/9/2021,195239
462,GTM,North America,Guatemala,4/10/2021,195239
463,GTM,North America,Guatemala,4/11/2021,202640
464,GTM,North America,Guatemala,4/12/2021,202640
465,GTM,North America,Guatemala,4/13/2021,202640
466,GTM,North America,Guatemala,4/14/2021,202640
467,GTM,North America,Guatemala,4/15/2021,202640
468,GTM,North America,Guatemala,4/16/2021,202640
469,GTM,North America,Guatemala,4/17/2021,202640
470,GTM,North America,Guatemala,4/18/2021,212307
471,GTM,North America,Guatemala,4/19/2021,212307
472,GTM,North America,Guatemala,4/20/2021,212307
473,GTM,North America,Guatemala,4/21/2021,212307
474,GTM,North America,Guatemala,4/22/2021,212307
475,GTM,North America,Guatemala,4/23/2021,212307
476,GTM,North America,Guatemala,4/24/2021,212307
477,GTM,North America,Guatemala,4/25/2021,221307
478,GTM,North America,Guatemala,4/26/2021,221307
479,GTM,North America,Guatemala,4/27/2021,221307
480,GTM,North America,Guatemala,4/28/2021,221307
481,GTM,North America,Guatemala,4/29/2021,221307
482,GTM,North America,Guatemala,4/30/2021,221307
483,GTM,North America,Guatemala,5/1/2021,221307
484,GTM,North America,Guatemala,5/2/2021,228477
485,GTM,North America,Guatemala,5/3/2021,228477
486,GTM,North America,Guatemala,5/4/2021,228477
487,GTM,North America,Guatemala,5/5/2021,228477
488,GTM,North America,Guatemala,5/6/2021,228477
489,GTM,North America,Guatemala,5/7/2021,228477
490,GTM,North America,Guatemala,5/8/2021,228477
491,GTM,North America,Guatemala,5/9/2021,234883
492,GTM,North America,Guatemala,5/10/2021,234883
493,GTM,North America,Guatemala,5/11/2021,234883
494,GTM,North America,Guatemala,5/12/2021,234883
495,GTM,North America,Guatemala,5/13/2021,234883
496,GTM,North America,Guatemala,5/14/2021,234883
497,GTM,North America,Guatemala,5/15/2021,234883
498,GTM,North America,Guatemala,5/16/2021,241117
499,GTM,North America,Guatemala,5/17/2021,241117
500,GTM,North America,Guatemala,5/18/2021,241117
501,GTM,North America,Guatemala,5/19/2021,241117
502,GTM,North America,Guatemala,5/20/2021,241117
503,GTM,North America,Guatemala,5/21/2021,241117
504,GTM,North America,Guatemala,5/22/2021,241117
505,GTM,North America,Guatemala,5/23/2021,247106
506,GTM,North America,Guatemala,5/24/2021,247106
507,GTM,North America,Guatemala,5/25/2021,247106
508,GTM,North America,Guatemala,5/26/2021,247106
509,GTM,North America,Guatemala,5/27/2021,247106
510,GTM,North America,Guatemala,5/28/2021,247106
511,GTM,North America,Guatemala,5/29/2021,247106
512,GTM,North America,Guatemala,5/30/2021,253837
513,GTM,North America,Guatemala,5/31/2021,253837
514,GTM,North America,Guatemala,6/1/2021,253837
515,GTM,North America,Guatemala,6/2/2021,253837
516,GTM,North America,Guatemala,6/3/2021,253837
517,GTM,North America,Guatemala,6/4/2021,253837
518,GTM,North America,Guatemala,6/5/2021,253837
519,GTM,North America,Guatemala,6/6/2021,261392
520,GTM,North America,Guatemala,6/7/2021,261392
521,GTM,North America,Guatemala,6/8/2021,261392
522,GTM,North America,Guatemala,6/9/2021,261392
523,GTM,North America,Guatemala,6/10/2021,261392
524,GTM,North America,Guatemala,6/11/2021,261392
525,GTM,North America,Guatemala,6/12/2021,261392
526,GTM,North America,Guatemala,6/13/2021,271131
527,GTM,North America,Guatemala,6/14/2021,271131
528,GTM,North America,Guatemala,6/15/2021,271131
529,GTM,North America,Guatemala,6/16/2021,271131
530,GTM,North America,Guatemala,6/17/2021,271131
531,GTM,North America,Guatemala,6/18/2021,271131
532,GTM,North America,Guatemala,6/19/2021,271131
533,GTM,North America,Guatemala,6/20/2021,279947
534,GTM,North America,Guatemala,6/21/2021,279947
535,GTM,North America,Guatemala,6/22/2021,279947
536,GTM,North America,Guatemala,6/23/2021,279947
537,GTM,North America,Guatemala,6/24/2021,279947
538,GTM,North America,Guatemala,6/25/2021,279947
539,GTM,North America,Guatemala,6/26/2021,279947
540,GTM,North America,Guatemala,6/27/2021,290852
541,GTM,North America,Guatemala,6/28/2021,290852
542,GTM,North America,Guatemala,6/29/2021,290852
543,GTM,North America,Guatemala,6/30/2021,290852
544,GTM,North America,Guatemala,7/1/2021,290852
545,GTM,North America,Guatemala,7/2/2021,290852
546,GTM,North America,Guatemala,7/3/2021,290852
547,GTM,North America,Guatemala,7/4/2021,301189
548,GTM,North America,Guatemala,7/5/2021,301189
549,GTM,North America,Guatemala,7/6/2021,301189
550,GTM,North America,Guatemala,7/7/2021,301189
551,GTM,North America,Guatemala,7/8/2021,301189
552,GTM,North America,Guatemala,7/9/2021,301189
553,GTM,North America,Guatemala,7/10/2021,301189
554,GTM,North America,Guatemala,7/11/2021,317311
555,GTM,North America,Guatemala,7/12/2021,317311
556,GTM,North America,Guatemala,7/13/2021,317311
557,GTM,North America,Guatemala,7/14/2021,317311
558,GTM,North America,Guatemala,7/15/2021,317311
559,GTM,North America,Guatemala,7/16/2021,317311
560,GTM,North America,Guatemala,7/17/2021,317311
561,GTM,North America,Guatemala,7/18/2021,333126
562,GTM,North America,Guatemala,7/19/2021,333126
563,GTM,North America,Guatemala,7/20/2021,333126
564,GTM,North America,Guatemala,7/21/2021,333126
565,GTM,North America,Guatemala,7/22/2021,333126
566,GTM,North America,Guatemala,7/23/2021,333126
567,GTM,North America,Guatemala,7/24/2021,333126
568,GTM,North America,Guatemala,7/25/2021,350816
569,GTM,North America,Guatemala,7/26/2021,350816
570,GTM,North America,Guatemala,7/27/2021,350816
571,GTM,North America,Guatemala,7/28/2021,350816
572,GTM,North America,Guatemala,7/29/2021,350816
573,GTM,North America,Guatemala,7/30/2021,350816
574,GTM,North America,Guatemala,7/31/2021,350816
575,GTM,North America,Guatemala,8/1/2021,368484
576,GTM,North America,Guatemala,8/2/2021,368484
577,GTM,North America,Guatemala,8/3/2021,368484
578,GTM,North America,Guatemala,8/4/2021,368484
579,GTM,North America,Guatemala,8/5/2021,368484
580,GTM,North America,Guatemala,8/6/2021,368484
581,GTM,North America,Guatemala,8/7/2021,368484
582,GTM,North America,Guatemala,8/8/2021,389510
583,GTM,North America,Guatemala,8/9/2021,389510
584,GTM,North America,Guatemala,8/10/2021,389510
585,GTM,North America,Guatemala,8/11/2021,389510
586,GTM,North America,Guatemala,8/12/2021,389510
587,GTM,North America,Guatemala,8/13/2021,389510
588,GTM,North America,Guatemala,8/14/2021,389510
589,GTM,North America,Guatemala,8/15/2021,411731
590,GTM,North America,Guatemala,8/16/2021,411731
591,GTM,North America,Guatemala,8/17/2021,411731
592,GTM,North America,Guatemala,8/18/2021,411731
593,GTM,North America,Guatemala,8/19/2021,411731
594,GTM,North America,Guatemala,8/20/2021,411731
595,GTM,North America,Guatemala,8/21/2021,411731
596,GTM,North America,Guatemala,8/22/2021,437919
597,GTM,North America,Guatemala,8/23/2021,437919
598,GTM,North America,Guatemala,8/24/2021,437919
599,GTM,North America,Guatemala,8/25/2021,437919
600,GTM,North America,Guatemala,8/26/2021,437919
601,GTM,North America,Guatemala,8/27/2021,437919
602,GTM,North America,Guatemala,8/28/2021,437919
603,GTM,North America,Guatemala,8/29/2021,463753
604,GTM,North America,Guatemala,8/30/2021,463753
605,GTM,North America,Guatemala,8/31/2021,463753
606,GTM,North America,Guatemala,9/1/2021,463753
607,GTM,North America,Guatemala,9/2/2021,463753
608,GTM,North America,Guatemala,9/3/2021,463753
609,GTM,North America,Guatemala,9/4/2021,463753
610,GTM,North America,Guatemala,9/5/2021,486819
611,GTM,North America,Guatemala,9/6/2021,486819
612,GTM,North America,Guatemala,9/7/2021,486819
613,GTM,North America,Guatemala,9/8/2021,486819
614,GTM,North America,Guatemala,9/9/2021,486819
615,GTM,North America,Guatemala,9/10/2021,486819
616,GTM,North America,Guatemala,9/11/2021,486819
617,GTM,North America,Guatemala,9/12/2021,509654
618,GTM,North America,Guatemala,9/13/2021,509654
619,GTM,North America,Guatemala,9/14/2021,509654
620,GTM,North America,Guatemala,9/15/2021,509654
621,GTM,North America,Guatemala,9/16/2021,509654
622,GTM,North America,Guatemala,9/17/2021,509654
623,GTM,North America,Guatemala,9/18/2021,509654
624,GTM,North America,Guatemala,9/19/2021,529422
625,GTM,North America,Guatemala,9/20/2021,529422
626,GTM,North America,Guatemala,9/21/2021,529422
627,GTM,North America,Guatemala,9/22/2021,529422
628,GTM,North America,Guatemala,9/23/2021,529422
629,GTM,North America,Guatemala,9/24/2021,529422
630,GTM,North America,Guatemala,9/25/2021,529422
631,GTM,North America,Guatemala,9/26/2021,548604
632,GTM,North America,Guatemala,9/27/2021,548604
633,GTM,North America,Guatemala,9/28/2021,548604
634,GTM,North America,Guatemala,9/29/2021,548604
635,GTM,North America,Guatemala,9/30/2021,548604
636,GTM,North America,Guatemala,10/1/2021,548604
637,GTM,North America,Guatemala,10/2/2021,548604
638,GTM,North America,Guatemala,10/3/2021,565566
639,GTM,North America,Guatemala,10/4/2021,565566
640,GTM,North America,Guatemala,10/5/2021,565566
641,GTM,North America,Guatemala,10/6/2021,565566
642,GTM,North America,Guatemala,10/7/2021,565566
643,GTM,North America,Guatemala,10/8/2021,565566
644,GTM,North America,Guatemala,10/9/2021,565566
645,GTM,North America,Guatemala,10/10/2021,578809
646,GTM,North America,Guatemala,10/11/2021,578809
647,GTM,North America,Guatemala,10/12/2021,578809
648,GTM,North America,Guatemala,10/13/2021,578809
649,GTM,North America,Guatemala,10/14/2021,578809
650,GTM,North America,Guatemala,10/15/2021,578809
651,GTM,North America,Guatemala,10/16/2021,578809
652,GTM,North America,Guatemala,10/17/2021,587687
653,GTM,North America,Guatemala,10/18/2021,587687
654,GTM,North America,Guatemala,10/19/2021,587687
655,GTM,North America,Guatemala,10/20/2021,587687
656,GTM,North America,Guatemala,10/21/2021,587687
657,GTM,North America,Guatemala,10/22/2021,587687
658,GTM,North America,Guatemala,10/23/2021,587687
659,GTM,North America,Guatemala,10/24/2021,593459
660,GTM,North America,Guatemala,10/25/2021,593459
661,GTM,North America,Guatemala,10/26/2021,593459
662,GTM,North America,Guatemala,10/27/2021,593459
663,GTM,North America,Guatemala,10/28/2021,593459
664,GTM,North America,Guatemala,10/29/2021,593459
665,GTM,North America,Guatemala,10/30/2021,593459
666,GTM,North America,Guatemala,10/31/2021,601402
667,GTM,North America,Guatemala,11/1/2021,601402
668,GTM,North America,Guatemala,11/2/2021,601402
669,GTM,North America,Guatemala,11/3/2021,601402
670,GTM,North America,Guatemala,11/4/2021,601402
671,GTM,North America,Guatemala,11/5/2021,601402
672,GTM,North America,Guatemala,11/6/2021,601402
673,GTM,North America,Guatemala,11/7/2021,605415
674,GTM,North America,Guatemala,11/8/2021,605415
675,GTM,North America,Guatemala,11/9/2021,605415
676,GTM,North America,Guatemala,11/10/2021,605415
677,GTM,North America,Guatemala,11/11/2021,605415
678,GTM,North America,Guatemala,11/12/2021,605415
679,GTM,North America,Guatemala,11/13/2021,605415
680,GTM,North America,Guatemala,11/14/2021,609136
681,GTM,North America,Guatemala,11/15/2021,609136
682,GTM,North America,Guatemala,11/16/2021,609136
683,GTM,North America,Guatemala,11/17/2021,609136
684,GTM,North America,Guatemala,11/18/2021,609136
685,GTM,North America,Guatemala,11/19/2021,609136
686,GTM,North America,Guatemala,11/20/2021,609136
687,GTM,North America,Guatemala,11/21/2021,613713
688,GTM,North America,Guatemala,11/22/2021,613713
689,GTM,North America,Guatemala,11/23/2021,613713
690,GTM,North America,Guatemala,11/24/2021,613713
691,GTM,North America,Guatemala,11/25/2021,613713
692,GTM,North America,Guatemala,11/26/2021,613713
693,GTM,North America,Guatemala,11/27/2021,613713
694,GTM,North America,Guatemala,11/28/2021,617495
695,GTM,North America,Guatemala,11/29/2021,617495
696,GTM,North America,Guatemala,11/30/2021,617495
697,GTM,North America,Guatemala,12/1/2021,617495
698,GTM,North America,Guatemala,12/2/2021,617495
699,GTM,North America,Guatemala,12/3/2021,617495
700,GTM,North America,Guatemala,12/4/2021,617495
701,GTM,North America,Guatemala,12/5/2021,619040
702,GTM,North America,Guatemala,12/6/2021,619040
703,GTM,North America,Guatemala,12/7/2021,619040
704,GTM,North America,Guatemala,12/8/2021,619040
705,GTM,North America,Guatemala,12/9/2021,619040
706,GTM,North America,Guatemala,12/10/2021,619040
707,GTM,North America,Guatemala,12/11/2021,619040
708,GTM,North America,Guatemala,12/12/2021,621844
709,GTM,North America,Guatemala,12/13/2021,621844
710,GTM,North America,Guatemala,12/14/2021,621844
711,GTM,North America,Guatemala,12/15/2021,621844
712,GTM,North America,Guatemala,12/16/2021,621844
713,GTM,North America,Guatemala,12/17/2021,621844
714,GTM,North America,Guatemala,12/18/2021,621844
715,GTM,North America,Guatemala,12/19/2021,623449
716,GTM,North America,Guatemala,12/20/2021,623449
717,GTM,North America,Guatemala,12/21/2021,623449
718,GTM,North America,Guatemala,12/22/2021,623449
719,GTM,North America,Guatemala,12/23/2021,623449
720,GTM,North America,Guatemala,12/24/2021,623449
721,GTM,North America,Guatemala,12/25/2021,623449
722,GTM,North America,Guatemala,12/26/2021,625029
723,GTM,North America,Guatemala,12/27/2021,625029
724,GTM,North America,Guatemala,12/28/2021,625029
725,GTM,North America,Guatemala,12/29/2021,625029
726,GTM,North America,Guatemala,12/30/2021,625029
727,GTM,North America,Guatemala,12/31/2021,625029
728,GTM,North America,Guatemala,1/1/2022,625029
729,GTM,North America,Guatemala,1/2/2022,628359
730,GTM,North America,Guatemala,1/3/2022,628359
731,GTM,North America,Guatemala,1/4/2022,628359
732,GTM,North America,Guatemala,1/5/2022,628359
733,GTM,North America,Guatemala,1/6/2022,628359
734,GTM,North America,Guatemala,1/7/2022,628359
735,GTM,North America,Guatemala,1/8/2022,628359
736,GTM,North America,Guatemala,1/9/2022,635613
737,GTM,North America,Guatemala,1/10/2022,635613
738,GTM,North America,Guatemala,1/11/2022,635613
739,GTM,North America,Guatemala,1/12/2022,635613
740,GTM,North America,Guatemala,1/13/2022,635613
741,GTM,North America,Guatemala,1/14/2022,635613
742,GTM,North America,Guatemala,1/15/2022,635613
743,GTM,North America,Guatemala,1/16/2022,648947
744,GTM,North America,Guatemala,1/17/2022,648947
745,GTM,North America,Guatemala,1/18/2022,648947
746,GTM,North America,Guatemala,1/19/2022,648947
747,GTM,North America,Guatemala,1/20/2022,648947
748,GTM,North America,Guatemala,1/21/2022,648947
749,GTM,North America,Guatemala,1/22/2022,648947
750,GTM,North America,Guatemala,1/23/2022,666017
751,GTM,North America,Guatemala,1/24/2022,666017
752,GTM,North America,Guatemala,1/25/2022,666017
753,GTM,North America,Guatemala,1/26/2022,666017
754,GTM,North America,Guatemala,1/27/2022,666017
755,GTM,North America,Guatemala,1/28/2022,666017
756,GTM,North America,Guatemala,1/29/2022,666017
757,GTM,North America,Guatemala,1/30/2022,685542
758,GTM,North America,Guatemala,1/31/2022,685542
759,GTM,North America,Guatemala,2/1/2022,685542
760,GTM,North America,Guatemala,2/2/2022,685542
761,GTM,North America,Guatemala,2/3/2022,685542
762,GTM,North America,Guatemala,2/4/2022,685542
763,GTM,North America,Guatemala,2/5/2022,685542
764,GTM,North America,Guatemala,2/6/2022,705614
765,GTM,North America,Guatemala,2/7/2022,705614
766,GTM,North America,Guatemala,2/8/2022,705614
767,GTM,North America,Guatemala,2/9/2022,705614
768,GTM,North America,Guatemala,2/10/2022,705614
769,GTM,North America,Guatemala,2/11/2022,705614
770,GTM,North America,Guatemala,2/12/2022,705614
771,GTM,North America,Guatemala,2/13/2022,729977
772,GTM,North America,Guatemala,2/14/2022,729977
773,GTM,North America,Guatemala,2/15/2022,729977
774,GTM,North America,Guatemala,2/16/2022,729977
775,GTM,North America,Guatemala,2/17/2022,729977
776,GTM,North America,Guatemala,2/18/2022,729977
777,GTM,North America,Guatemala,2/19/2022,729977
778,GTM,North America,Guatemala,2/20/2022,753281
779,GTM,North America,Guatemala,2/21/2022,753281
780,GTM,North America,Guatemala,2/22/2022,753281
781,GTM,North America,Guatemala,2/23/2022,753281
782,GTM,North America,Guatemala,2/24/2022,753281
783,GTM,North America,Guatemala,2/25/2022,753281
784,GTM,North America,Guatemala,2/26/2022,753281
785,GTM,North America,Guatemala,2/27/2022,773575
786,GTM,North America,Guatemala,2/28/2022,773575
787,GTM,North America,Guatemala,3/1/2022,773575
788,GTM,North America,Guatemala,3/2/2022,773575
789,GTM,North America,Guatemala,3/3/2022,773575
790,GTM,North America,Guatemala,3/4/2022,773575
791,GTM,North America,Guatemala,3/5/2022,773575
792,GTM,North America,Guatemala,3/6/2022,789354
793,GTM,North America,Guatemala,3/7/2022,789354
794,GTM,North America,Guatemala,3/8/2022,789354
795,GTM,North America,Guatemala,3/9/2022,789354
796,GTM,North America,Guatemala,3/10/2022,789354
797,GTM,North America,Guatemala,3/11/2022,789354
798,GTM,North America,Guatemala,3/12/2022,789354
799,GTM,North America,Guatemala,3/13/2022,802744
800,GTM,North America,Guatemala,3/14/2022,802744
801,GTM,North America,Guatemala,3/15/2022,802744
802,GTM,North America,Guatemala,3/16/2022,802744
803,GTM,North America,Guatemala,3/17/2022,802744
804,GTM,North America,Guatemala,3/18/2022,802744
805,GTM,North America,Guatemala,3/19/2022,802744
806,GTM,North America,Guatemala,3/20/2022,814111
807,GTM,North America,Guatemala,3/21/2022,814111
808,GTM,North America,Guatemala,3/22/2022,814111
809,GTM,North America,Guatemala,3/23/2022,814111
810,GTM,North America,Guatemala,3/24/2022,814111
811,GTM,North America,Guatemala,3/25/2022,814111
812,GTM,North America,Guatemala,3/26/2022,814111
813,GTM,North America,Guatemala,3/27/2022,823145
814,GTM,North America,Guatemala,3/28/2022,823145
815,GTM,North America,Guatemala,3/29/2022,823145
816,GTM,North America,Guatemala,3/30/2022,823145
817,GTM,North America,Guatemala,3/31/2022,823145
818,GTM,North America,Guatemala,4/1/2022,823145
819,GTM,North America,Guatemala,4/2/2022,823145
820,GTM,North America,Guatemala,4/3/2022,829881
821,GTM,North America,Guatemala,4/4/2022,829881
822,GTM,North America,Guatemala,4/5/2022,829881
823,GTM,North America,Guatemala,4/6/2022,829881
824,GTM,North America,Guatemala,4/7/2022,829881
825,GTM,North America,Guatemala,4/8/2022,829881
826,GTM,North America,Guatemala,4/9/2022,829881
827,GTM,North America,Guatemala,4/10/2022,834481
828,GTM,North America,Guatemala,4/11/2022,834481
829,GTM,North America,Guatemala,4/12/2022,834481
830,GTM,North America,Guatemala,4/13/2022,834481
831,GTM,North America,Guatemala,4/14/2022,834481
832,GTM,North America,Guatemala,4/15/2022,834481
833,GTM,North America,Guatemala,4/16/2022,834481
834,GTM,North America,Guatemala,4/17/2022,837377
835,GTM,North America,Guatemala,4/18/2022,837377
836,GTM,North America,Guatemala,4/19/2022,837377
837,GTM,North America,Guatemala,4/20/2022,837377
838,GTM,North America,Guatemala,4/21/2022,837377
839,GTM,North America,Guatemala,4/22/2022,837377
840,GTM,North America,Guatemala,4/23/2022,837377
841,GTM,North America,Guatemala,4/24/2022,841341
842,GTM,North America,Guatemala,4/25/2022,841341
843,GTM,North America,Guatemala,4/26/2022,841341
844,GTM,North America,Guatemala,4/27/2022,841341
845,GTM,North America,Guatemala,4/28/2022,841341
846,GTM,North America,Guatemala,4/29/2022,841341
847,GTM,North America,Guatemala,4/30/2022,841341
848,GTM,North America,Guatemala,5/1/2022,845868
849,GTM,North America,Guatemala,5/2/2022,845868
850,GTM,North America,Guatemala,5/3/2022,845868
851,GTM,North America,Guatemala,5/4/2022,845868
852,GTM,North America,Guatemala,5/5/2022,845868
853,GTM,North America,Guatemala,5/6/2022,845868
854,GTM,North America,Guatemala,5/7/2022,845868
855,GTM,North America,Guatemala,5/8/2022,848807
856,GTM,North America,Guatemala,5/9/2022,848807
857,GTM,North America,Guatemala,5/10/2022,848807
858,GTM,North America,Guatemala,5/11/2022,848807
859,GTM,North America,Guatemala,5/12/2022,848807
860,GTM,North America,Guatemala,5/13/2022,848807
861,GTM,North America,Guatemala,5/14/2022,848807
862,GTM,North America,Guatemala,5/15/2022,851877
863,GTM,North America,Guatemala,5/16/2022,851877
864,GTM,North America,Guatemala,5/17/2022,851877
865,GTM,North America,Guatemala,5/18/2022,851877
866,GTM,North America,Guatemala,5/19/2022,851877
867,GTM,North America,Guatemala,5/20/2022,851877
868,GTM,North America,Guatemala,5/21/2022,851877
869,GTM,North America,Guatemala,5/22/2022,855802
870,GTM,North America,Guatemala,5/23/2022,855802
871,GTM,North America,Guatemala,5/24/2022,855802
872,GTM,North America,Guatemala,5/25/2022,855802
873,GTM,North America,Guatemala,5/26/2022,855802
874,GTM,North America,Guatemala,5/27/2022,855802
875,GTM,North America,Guatemala,5/28/2022,855802
876,GTM,North America,Guatemala,5/29/2022,859311
877,GTM,North America,Guatemala,5/30/2022,859311
878,GTM,North America,Guatemala,5/31/2022,859311
879,GTM,North America,Guatemala,6/1/2022,859311
880,GTM,North America,Guatemala,6/2/2022,859311
881,GTM,North America,Guatemala,6/3/2022,859311
882,GTM,North America,Guatemala,6/4/2022,859311
883,GTM,North America,Guatemala,6/5/2022,863595
884,GTM,North America,Guatemala,6/6/2022,863595
885,GTM,North America,Guatemala,6/7/2022,863595
886,GTM,North America,Guatemala,6/8/2022,863595
887,GTM,North America,Guatemala,6/9/2022,863595
888,GTM,North America,Guatemala,6/10/2022,863595
889,GTM,North America,Guatemala,6/11/2022,863595
890,GTM,North America,Guatemala,6/12/2022,869645
891,GTM,North America,Guatemala,6/13/2022,869645
892,GTM,North America,Guatemala,6/14/2022,869645
893,GTM,North America,Guatemala,6/15/2022,869645
894,GTM,North America,Guatemala,6/16/2022,869645
895,GTM,North America,Guatemala,6/17/2022,869645
896,GTM,North America,Guatemala,6/18/2022,869645
897,GTM,North America,Guatemala,6/19/2022,878401
898,GTM,North America,Guatemala,6/20/2022,878401
899,GTM,North America,Guatemala,6/21/2022,878401
900,GTM,North America,Guatemala,6/22/2022,878401
901,GTM,North America,Guatemala,6/23/2022,878401
902,GTM,North America,Guatemala,6/24/2022,878401
903,GTM,North America,Guatemala,6/25/2022,878401
904,GTM,North America,Guatemala,6/26/2022,893071
905,GTM,North America,Guatemala,6/27/2022,893071
906,GTM,North America,Guatemala,6/28/2022,893071
907,GTM,North America,Guatemala,6/29/2022,893071
908,GTM,North America,Guatemala,6/30/2022,893071
909,GTM,North America,Guatemala,7/1/2022,893071
910,GTM,North America,Guatemala,7/2/2022,893071
911,GTM,North America,Guatemala,7/3/2022,915321
912,GTM,North America,Guatemala,7/4/2022,915321
913,GTM,North America,Guatemala,7/5/2022,915321
914,GTM,North America,Guatemala,7/6/2022,915321
915,GTM,North America,Guatemala,7/7/2022,915321
916,GTM,North America,Guatemala,7/8/2022,915321
917,GTM,North America,Guatemala,7/9/2022,915321
918,GTM,North America,Guatemala,7/10/2022,939300
919,GTM,North America,Guatemala,7/11/2022,939300
920,GTM,North America,Guatemala,7/12/2022,939300
921,GTM,North America,Guatemala,7/13/2022,939300
922,GTM,North America,Guatemala,7/14/2022,939300
923,GTM,North America,Guatemala,7/15/2022,939300
924,GTM,North America,Guatemala,7/16/2022,939300
925,GTM,North America,Guatemala,7/17/2022,977539
926,GTM,North America,Guatemala,7/18/2022,977539
927,GTM,North America,Guatemala,7/19/2022,977539
928,GTM,North America,Guatemala,7/20/2022,977539
929,GTM,North America,Guatemala,7/21/2022,977539
930,GTM,North America,Guatemala,7/22/2022,977539
931,GTM,North America,Guatemala,7/23/2022,977539
932,GTM,North America,Guatemala,7/24/2022,1004311
933,GTM,North America,Guatemala,7/25/2022,1004311
934,GTM,North America,Guatemala,7/26/2022,1004311
935,GTM,North America,Guatemala,7/27/2022,1004311
936,GTM,North America,Guatemala,7/28/2022,1004311
937,GTM,North America,Guatemala,7/29/2022,1004311
938,GTM,North America,Guatemala,7/30/2022,1004311
939,GTM,North America,Guatemala,7/31/2022,1037751
940,GTM,North America,Guatemala,8/1/2022,1037751
941,GTM,North America,Guatemala,8/2/2022,1037751
942,GTM,North America,Guatemala,8/3/2022,1037751
943,GTM,North America,Guatemala,8/4/2022,1037751
944,GTM,North America,Guatemala,8/5/2022,1037751
945,GTM,North America,Guatemala,8/6/2022,1037751
946,GTM,North America,Guatemala,8/7/2022,1054127
947,GTM,North America,Guatemala,8/8/2022,1054127
948,GTM,North America,Guatemala,8/9/2022,1054127
949,GTM,North America,Guatemala,8/10/2022,1054127
950,GTM,North America,Guatemala,8/11/2022,1054127
951,GTM,North America,Guatemala,8/12/2022,1054127
952,GTM,North America,Guatemala,8/13/2022,1054127
953,GTM,North America,Guatemala,8/14/2022,1070326
954,GTM,North America,Guatemala,8/15/2022,1070326
955,GTM,North America,Guatemala,8/16/2022,1070326
956,GTM,North America,Guatemala,8/17/2022,1070326
957,GTM,North America,Guatemala,8/18/2022,1070326
958,GTM,North America,Guatemala,8/19/2022,1070326
959,GTM,North America,Guatemala,8/20/2022,1070326
960,GTM,North America,Guatemala,8/21/2022,1085118
961,GTM,North America,Guatemala,8/22/2022,1085118
962,GTM,North America,Guatemala,8/23/2022,1085118
963,GTM,North America,Guatemala,8/24/2022,1085118
964,GTM,North America,Guatemala,8/25/2022,1085118
965,GTM,North America,Guatemala,8/26/2022,1085118
966,GTM,North America,Guatemala,8/27/2022,1085118
967,GTM,North America,Guatemala,8/28/2022,1096530
968,GTM,North America,Guatemala,8/29/2022,1096530
969,GTM,North America,Guatemala,8/30/2022,1096530
970,GTM,North America,Guatemala,8/31/2022,1096530
971,GTM,North America,Guatemala,9/1/2022,1096530
972,GTM,North America,Guatemala,9/2/2022,1096530
973,GTM,North America,Guatemala,9/3/2022,1096530
974,GTM,North America,Guatemala,9/4/2022,1104536
975,GTM,North America,Guatemala,9/5/2022,1104536
976,GTM,North America,Guatemala,9/6/2022,1104536
977,GTM,North America,Guatemala,9/7/2022,1104536
978,GTM,North America,Guatemala,9/8/2022,1104536
979,GTM,North America,Guatemala,9/9/2022,1104536
980,GTM,North America,Guatemala,9/10/2022,1104536
981,GTM,North America,Guatemala,9/11/2022,1110973
982,GTM,North America,Guatemala,9/12/2022,1110973
983,GTM,North America,Guatemala,9/13/2022,1110973
984,GTM,North America,Guatemala,9/14/2022,1110973
985,GTM,North America,Guatemala,9/15/2022,1110973
986,GTM,North America,Guatemala,9/16/2022,1110973
987,GTM,North America,Guatemala,9/17/2022,1110973
988,GTM,North America,Guatemala,9/18/2022,1114803
989,GTM,North America,Guatemala,9/19/2022,1114803
990,GTM,North America,Guatemala,9/20/2022,1114803
991,GTM,North America,Guatemala,9/21/2022,1114803
992,GTM,North America,Guatemala,9/22/2022,1114803
993,GTM,North America,Guatemala,9/23/2022,1114803
994,GTM,North America,Guatemala,9/24/2022,1114803
995,GTM,North America,Guatemala,9/25/2022,1119277
996,GTM,North America,Guatemala,9/26/2022,1119277
997,GTM,North America,Guatemala,9/27/2022,1119277
998,GTM,North America,Guatemala,9/28/2022,1119277
999,GTM,North America,Guatemala,9/29/2022,1119277
1000,GTM,North America,Guatemala,9/30/2022,1119277
1001,GTM,North America,Guatemala,10/1/2022,1119277
1002,GTM,North America,Guatemala,10/2/2022,1124467
1003,GTM,North America,Guatemala,10/3/2022,1124467
1004,GTM,North America,Guatemala,10/4/2022,1124467
1005,GTM,North America,Guatemala,10/5/2022,1124467
1006,GTM,North America,Guatemala,10/6/2022,1124467
1007,GTM,North America,Guatemala,10/7/2022,1124467
1008,GTM,North America,Guatemala,10/8/2022,1124467
1009,GTM,North America,Guatemala,10/9/2022,1128715
1010,GTM,North America,Guatemala,10/10/2022,1128715
1011,GTM,North America,Guatemala,10/11/2022,1128715
1012,GTM,North America,Guatemala,10/12/2022,1128715
1013,GTM,North America,Guatemala,10/13/2022,1128715
1014,GTM,North America,Guatemala,10/14/2022,1128715
1015,GTM,North America,Guatemala,10/15/2022,1128715
1016,GTM,North America,Guatemala,10/16/2022,1132692
1017,GTM,North America,Guatemala,10/17/2022,1132692
1018,GTM,North America,Guatemala,10/18/2022,1132692
1019,GTM,North America,Guatemala,10/19/2022,1132692
1020,GTM,North America,Guatemala,10/20/2022,1132692
1021,GTM,North America,Guatemala,10/21/2022,1132692
1022,GTM,North America,Guatemala,10/22/2022,1132692
1023,GTM,North America,Guatemala,10/23/2022,1135690
1024,GTM,North America,Guatemala,10/24/2022,1135690
1025,GTM,North America,Guatemala,10/25/2022,1135690
1026,GTM,North America,Guatemala,10/26/2022,1135690
1027,GTM,North America,Guatemala,10/27/2022,1135690
1028,GTM,North America,Guatemala,10/28/2022,1135690
1029,GTM,North America,Guatemala,10/29/2022,1135690
1030,GTM,North America,Guatemala,10/30/2022,1139845
1031,GTM,North America,Guatemala,10/31/2022,1139845
1032,GTM,North America,Guatemala,11/1/2022,1139845
1033,GTM,North America,Guatemala,11/2/2022,1139845
1034,GTM,North America,Guatemala,11/3/2022,1139845
1035,GTM,North America,Guatemala,11/4/2022,1139845
1036,GTM,North America,Guatemala,11/5/2022,1139845
1037,GTM,North America,Guatemala,11/6/2022,1141938
1038,GTM,North America,Guatemala,11/7/2022,1141938
1039,GTM,North America,Guatemala,11/8/2022,1141938
1040,GTM,North America,Guatemala,11/9/2022,1141938
1041,GTM,North America,Guatemala,11/10/2022,1141938
1042,GTM,North America,Guatemala,11/11/2022,1141938
1043,GTM,North America,Guatemala,11/12/2022,1141938
1044,GTM,North America,Guatemala,11/13/2022,1144771
1045,GTM,North America,Guatemala,11/14/2022,1144771
1046,GTM,North America,Guatemala,11/15/2022,1144771
1047,GTM,North America,Guatemala,11/16/2022,1144771
1048,GTM,North America,Guatemala,11/17/2022,1144771
1049,GTM,North America,Guatemala,11/18/2022,1144771
1050,GTM,North America,Guatemala,11/19/2022,1144771
1051,GTM,North America,Guatemala,11/20/2022,1147699
1052,GTM,North America,Guatemala,11/21/2022,1147699
1053,GTM,North America,Guatemala,11/22/2022,1147699
1054,GTM,North America,Guatemala,11/23/2022,1147699
1055,GTM,North America,Guatemala,11/24/2022,1147699
1056,GTM,North America,Guatemala,11/25/2022,1147699
1057,GTM,North America,Guatemala,11/26/2022,1147699
1058,GTM,North America,Guatemala,11/27/2022,1152798
1059,GTM,North America,Guatemala,11/28/2022,1152798
1060,GTM,North America,Guatemala,11/29/2022,1152798
1061,GTM,North America,Guatemala,11/30/2022,1152798
1062,GTM,North America,Guatemala,12/1/2022,1152798
1063,GTM,North America,Guatemala,12/2/2022,1152798
1064,GTM,North America,Guatemala,12/3/2022,1152798
1065,GTM,North America,Guatemala,12/4/2022,1158498
1066,GTM,North America,Guatemala,12/5/2022,1158498
1067,GTM,North America,Guatemala,12/6/2022,1158498
1068,GTM,North America,Guatemala,12/7/2022,1158498
1069,GTM,North America,Guatemala,12/8/2022,1158498
1070,GTM,North America,Guatemala,12/9/2022,1158498
1071,GTM,North America,Guatemala,12/10/2022,1158498
1072,GTM,North America,Guatemala,12/11/2022,1168635
1073,GTM,North America,Guatemala,12/12/2022,1168635
1074,GTM,North America,Guatemala,12/13/2022,1168635
1075,GTM,North America,Guatemala,12/14/2022,1168635
1076,GTM,North America,Guatemala,12/15/2022,1168635
1077,GTM,North America,Guatemala,12/16/2022,1168635
1078,GTM,North America,Guatemala,12/17/2022,1168635
1079,GTM,North America,Guatemala,12/18/2022,1182292
1080,GTM,North America,Guatemala,12/19/2022,1182292
1081,GTM,North America,Guatemala,12/20/2022,1182292
1082,GTM,North America,Guatemala,12/21/2022,1182292
1083,GTM,North America,Guatemala,12/22/2022,1182292
1084,GTM,North America,Guatemala,12/23/2022,1182292
1085,GTM,North America,Guatemala,12/24/2022,1182292
1086,GTM,North America,Guatemala,12/25/2022,1195644
1087,GTM,North America,Guatemala,12/26/2022,1195644
1088,GTM,North America,Guatemala,12/27/2022,1195644
1089,GTM,North America,Guatemala,12/28/2022,1195644
1090,GTM,North America,Guatemala,12/29/2022,1195644
1091,GTM,North America,Guatemala,12/30/2022,1195644
1092,GTM,North America,Guatemala,12/31/2022,1195644
1093,GTM,North America,Guatemala,1/1/2023,1203380
1094,GTM,North America,Guatemala,1/2/2023,1203380
1095,GTM,North America,Guatemala,1/3/2023,1203380
1096,GTM,North America,Guatemala,1/4/2023,1203380
1097,GTM,North America,Guatemala,1/5/2023,1203380
1098,GTM,North America,Guatemala,1/6/2023,1203380
1099,GTM,North America,Guatemala,1/7/2023,1203380
1100,GTM,North America,Guatemala,1/8/2023,1207914
1101,GTM,North America,Guatemala,1/9/2023,1207914
1102,GTM,North America,Guatemala,1/10/2023,1207914
1103,GTM,North America,Guatemala,1/11/2023,1207914
1104,GTM,North America,Guatemala,1/12/2023,1207914
1105,GTM,North America,Guatemala,1/13/2023,1207914
1106,GTM,North America,Guatemala,1/14/2023,1207914
1107,GTM,North America,Guatemala,1/15/2023,1217439
1108,GTM,North America,Guatemala,1/16/2023,1217439
1109,GTM,North America,Guatemala,1/17/2023,1217439
1110,GTM,North America,Guatemala,1/18/2023,1217439
1111,GTM,North America,Guatemala,1/19/2023,1217439
1112,GTM,North America,Guatemala,1/20/2023,1217439
1113,GTM,North America,Guatemala,1/21/2023,1217439
1114,GTM,North America,Guatemala,1/22/2023,1222009
1115,GTM,North America,Guatemala,1/23/2023,1222009
1116,GTM,North America,Guatemala,1/24/2023,1222009
1117,GTM,North America,Guatemala,1/25/2023,1222009
1118,GTM,North America,Guatemala,1/26/2023,1222009
1119,GTM,North America,Guatemala,1/27/2023,1222009
1120,GTM,North America,Guatemala,1/28/2023,1222009
1121,GTM,North America,Guatemala,1/29/2023,1226529
1122,GTM,North America,Guatemala,1/30/2023,1226529
1123,GTM,North America,Guatemala,1/31/2023,1226529
1124,GTM,North America,Guatemala,2/1/2023,1226529
1125,GTM,North America,Guatemala,2/2/2023,1226529
1126,GTM,North America,Guatemala,2/3/2023,1226529
1127,GTM,North America,Guatemala,2/4/2023,1226529
1128,GTM,North America,Guatemala,2/5/2023,1229173
1129,GTM,North America,Guatemala,2/6/2023,1229173
1130,GTM,North America,Guatemala,2/7/2023,1229173
1131,GTM,North America,Guatemala,2/8/2023,1229173
1132,GTM,North America,Guatemala,2/9/2023,1229173
1133,GTM,North America,Guatemala,2/10/2023,1229173
1134,GTM,North America,Guatemala,2/11/2023,1229173
1135,GTM,North America,Guatemala,2/12/2023,1231507
1136,GTM,North America,Guatemala,2/13/2023,1231507
1137,GTM,North America,Guatemala,2/14/2023,1231507
1138,GTM,North America,Guatemala,2/15/2023,1231507
1139,GTM,North America,Guatemala,2/16/2023,1231507
1140,GTM,North America,Guatemala,2/17/2023,1231507
1141,GTM,North America,Guatemala,2/18/2023,1231507
1142,GTM,North America,Guatemala,2/19/2023,1233579
1143,GTM,North America,Guatemala,2/20/2023,1233579
1144,GTM,North America,Guatemala,2/21/2023,1233579
1145,GTM,North America,Guatemala,2/22/2023,1233579
1146,GTM,North America,Guatemala,2/23/2023,1233579
1147,GTM,North America,Guatemala,2/24/2023,1233579
1148,GTM,North America,Guatemala,2/25/2023,1233579
1149,GTM,North America,Guatemala,2/26/2023,1235447
1150,GTM,North America,Guatemala,2/27/2023,1235447
1151,GTM,North America,Guatemala,2/28/2023,1235447
1152,GTM,North America,Guatemala,3/1/2023,1235447
1153,GTM,North America,Guatemala,3/2/2023,1235447
1154,GTM,North America,Guatemala,3/3/2023,1235447
1155,GTM,North America,Guatemala,3/4/2023,1235447
1156,GTM,North America,Guatemala,3/5/2023,1237335
1157,GTM,North America,Guatemala,3/6/2023,1237335
1158,GTM,North America,Guatemala,3/7/2023,1237335
1159,GTM,North America,Guatemala,3/8/2023,1237335
1160,GTM,North America,Guatemala,3/9/2023,1237335
1161,GTM,North America,Guatemala,3/10/2023,1237335
1162,GTM,North America,Guatemala,3/11/2023,1237335
1163,GTM,North America,Guatemala,3/12/2023,1238589
1164,GTM,North America,Guatemala,3/13/2023,1238589
1165,GTM,North America,Guatemala,3/14/2023,1238589
1166,GTM,North America,Guatemala,3/15/2023,1238589
1167,GTM,North America,Guatemala,3/16/2023,1238589
1168,GTM,North America,Guatemala,3/17/2023,1238589
1169,GTM,North America,Guatemala,3/18/2023,1238589
1170,GTM,North America,Guatemala,3/19/2023,1240380
1171,GTM,North America,Guatemala,3/20/2023,1240380
1172,GTM,North America,Guatemala,3/21/2023,1240380
1173,GTM,North America,Guatemala,3/22/2023,1240380
1174,GTM,North America,Guatemala,3/23/2023,1240380
1175,GTM,North America,Guatemala,3/24/2023,1240380
1176,GTM,North America,Guatemala,3/25/2023,1240380
1177,GTM,North America,Guatemala,3/26/2023,1242262
1178,GTM,North America,Guatemala,3/27/2023,1242262
1179,GTM,North America,Guatemala,3/28/2023,1242262
1180,GTM,North America,Guatemala,3/29/2023,1242262
1181,GTM,North America,Guatemala,3/30/2023,1242262
1182,GTM,North America,Guatemala,3/31/2023,1242262
1183,GTM,North America,Guatemala,4/1/2023,1242262
1184,GTM,North America,Guatemala,4/2/2023,1244812
1185,GTM,North America,Guatemala,4/3/2023,1244812
1186,GTM,North America,Guatemala,4/4/2023,1244812
1187,GTM,North America,Guatemala,4/5/2023,1244812
1188,GTM,North America,Guatemala,4/6/2023,1244812
1189,GTM,North America,Guatemala,4/7/2023,1244812
1190,GTM,North America,Guatemala,4/8/2023,1244812
1191,GTM,North America,Guatemala,4/9/2023,1244812
1192,GTM,North America,Guatemala,4/10/2023,1244812
1193,GTM,North America,Guatemala,4/11/2023,1244812
1194,GTM,North America,Guatemala,4/12/2023,1244812
1195,GTM,North America,Guatemala,4/13/2023,1244812
1196,GTM,North America,Guatemala,4/14/2023,1244812
1197,GTM,North America,Guatemala,4/15/2023,1244812
1198,GTM,North America,Guatemala,4/16/2023,1246730
1199,GTM,North America,Guatemala,4/17/2023,1246730
1200,GTM,North America,Guatemala,4/18/2023,1246730
1201,GTM,North America,Guatemala,4/19/2023,1246730
1202,GTM,North America,Guatemala,4/20/2023,1246730
1203,GTM,North America,Guatemala,4/21/2023,1246730
1204,GTM,North America,Guatemala,4/22/2023,1246730
1205,GTM,North America,Guatemala,4/23/2023,1247421
1206,GTM,North America,Guatemala,4/24/2023,1247421
1207,GTM,North America,Guatemala,4/25/2023,1247421
1208,GTM,North America,Guatemala,4/26/2023,1247421
1209,GTM,North America,Guatemala,4/27/2023,1247421
1210,GTM,North America,Guatemala,4/28/2023,1247421
1211,GTM,North America,Guatemala,4/29/2023,1247421
1212,GTM,North America,Guatemala,4/30/2023,1248171
1213,GTM,North America,Guatemala,5/1/2023,1248171
1214,GTM,North America,Guatemala,5/2/2023,1248171
1215,GTM,North America,Guatemala,5/3/2023,1248171
1216,GTM,North America,Guatemala,5/4/2023,1248171
1217,GTM,North America,Guatemala,5/5/2023,1248171
1218,GTM,North America,Guatemala,5/6/2023,1248171
1219,GTM,North America,Guatemala,5/7/2023,1248823
1220,GTM,North America,Guatemala,5/8/2023,1248823
1221,GTM,North America,Guatemala,5/9/2023,1248823
1222,GTM,North America,Guatemala,5/10/2023,1248823
1223,GTM,North America,Guatemala,5/11/2023,1248823
1224,GTM,North America,Guatemala,5/12/2023,1248823
1225,GTM,North America,Guatemala,5/13/2023,1248823
1226,GTM,North America,Guatemala,5/14/2023,1250268
1227,GTM,North America,Guatemala,5/15/2023,1250268
1228,GTM,North America,Guatemala,5/16/2023,1250268
1229,GTM,North America,Guatemala,5/17/2023,1250268
1230,GTM,North America,Guatemala,5/18/2023,1250268
1231,GTM,North America,Guatemala,5/19/2023,1250268
1232,GTM,North America,Guatemala,5/20/2023,1250268
1233,GTM,North America,Guatemala,5/21/2023,1250270
1234,GTM,North America,Guatemala,5/22/2023,1250270
1235,GTM,North America,Guatemala,5/23/2023,1250270
1236,GTM,North America,Guatemala,5/24/2023,1250270
1237,GTM,North America,Guatemala,5/25/2023,1250270
1238,GTM,North America,Guatemala,5/26/2023,1250270
1239,GTM,North America,Guatemala,5/27/2023,1250270
1240,GTM,North America,Guatemala,5/28/2023,1250272
1241,GTM,North America,Guatemala,5/29/2023,1250272
1242,GTM,North America,Guatemala,5/30/2023,1250272
1243,GTM,North America,Guatemala,5/31/2023,1250272
1244,GTM,North America,Guatemala,6/1/2023,1250272
1245,GTM,North America,Guatemala,6/2/2023,1250272
1246,GTM,North America,Guatemala,6/3/2023,1250272
1247,GTM,North America,Guatemala,6/4/2023,1250274
1248,GTM,North America,Guatemala,6/5/2023,1250274
1249,GTM,North America,Guatemala,6/6/2023,1250274
1250,GTM,North America,Guatemala,6/7/2023,1250274
1251,GTM,North America,Guatemala,6/8/2023,1250274
1252,GTM,North America,Guatemala,6/9/2023,1250274
1253,GTM,North America,Guatemala,6/10/2023,1250274
1254,GTM,North America,Guatemala,6/11/2023,1250277
1255,GTM,North America,Guatemala,6/12/2023,1250277
1256,GTM,North America,Guatemala,6/13/2023,1250277
1257,GTM,North America,Guatemala,6/14/2023,1250277
1258,GTM,North America,Guatemala,6/15/2023,1250277
1259,GTM,North America,Guatemala,6/16/2023,1250277
1260,GTM,North America,Guatemala,6/17/2023,1250277
1261,GTM,North America,Guatemala,6/18/2023,1250278
1262,GTM,North America,Guatemala,6/19/2023,1250278
1263,GTM,North America,Guatemala,6/20/2023,1250278
1264,GTM,North America,Guatemala,6/21/2023,1250278
1265,GTM,North America,Guatemala,6/22/2023,1250278
1266,GTM,North America,Guatemala,6/23/2023,1250278
1267,GTM,North America,Guatemala,6/24/2023,1250278
1268,GTM,North America,Guatemala,6/25/2023,1250278
1269,GTM,North America,Guatemala,6/26/2023,1250278
1270,GTM,North America,Guatemala,6/27/2023,1250278
1271,GTM,North America,Guatemala,6/28/2023,1250278
1272,GTM,North America,Guatemala,6/29/2023,1250278
1273,GTM,North America,Guatemala,6/30/2023,1250278
1274,GTM,North America,Guatemala,7/1/2023,1250278
1275,GTM,North America,Guatemala,7/2/2023,1250280
1276,GTM,North America,Guatemala,7/3/2023,1250280
1277,GTM,North America,Guatemala,7/4/2023,1250280
1278,GTM,North America,Guatemala,7/5/2023,1250280
1279,GTM,North America,Guatemala,7/6/2023,1250280
1280,GTM,North America,Guatemala,7/7/2023,1250280
1281,GTM,North America,Guatemala,7/8/2023,1250280
1282,GTM,North America,Guatemala,7/9/2023,1250282
1283,GTM,North America,Guatemala,7/10/2023,1250282
1284,GTM,North America,Guatemala,7/11/2023,1250282
1285,GTM,North America,Guatemala,7/12/2023,1250282
1286,GTM,North America,Guatemala,7/13/2023,1250282
1287,GTM,North America,Guatemala,7/14/2023,1250282
1288,GTM,North America,Guatemala,7/15/2023,1250282
1289,GTM,North America,Guatemala,7/16/2023,1250285
1290,GTM,North America,Guatemala,7/17/2023,1250285
1291,GTM,North America,Guatemala,7/18/2023,1250285
1292,GTM,North America,Guatemala,7/19/2023,1250285
1293,GTM,North America,Guatemala,7/20/2023,1250285
1294,GTM,North America,Guatemala,7/21/2023,1250285
1295,GTM,North America,Guatemala,7/22/2023,1250285
1296,GTM,North America,Guatemala,7/23/2023,1250288
1297,GTM,North America,Guatemala,7/24/2023,1250288
1298,GTM,North America,Guatemala,7/25/2023,1250288
1299,GTM,North America,Guatemala,7/26/2023,1250288
1300,GTM,North America,Guatemala,7/27/2023,1250288
1301,GTM,North America,Guatemala,7/28/2023,1250288
1302,GTM,North America,Guatemala,7/29/2023,1250288
1303,GTM,North America,Guatemala,7/30/2023,1250290
1304,GTM,North America,Guatemala,7/31/2023,1250290
1305,GTM,North America,Guatemala,8/1/2023,1250290
1306,GTM,North America,Guatemala,8/2/2023,1250290
1307,GTM,North America,Guatemala,8/3/2023,1250290
1308,GTM,North America,Guatemala,8/4/2023,1250290
1309,GTM,North America,Guatemala,8/5/2023,1250290
1310,GTM,North America,Guatemala,8/6/2023,1250293
1311,GTM,North America,Guatemala,8/7/2023,1250293
1312,GTM,North America,Guatemala,8/8/2023,1250293
1313,GTM,North America,Guatemala,8/9/2023,1250293
1314,GTM,North America,Guatemala,8/10/2023,1250293
1315,GTM,North America,Guatemala,8/11/2023,1250293
1316,GTM,North America,Guatemala,8/12/2023,1250293
1317,GTM,North America,Guatemala,8/13/2023,1250294
1318,GTM,North America,Guatemala,8/14/2023,1250294
1319,GTM,North America,Guatemala,8/15/2023,1250294
1320,GTM,North America,Guatemala,8/16/2023,1250294
1321,GTM,North America,Guatemala,8/17/2023,1250294
1322,GTM,North America,Guatemala,8/18/2023,1250294
1323,GTM,North America,Guatemala,8/19/2023,1250294
1324,GTM,North America,Guatemala,8/20/2023,1250298
1325,GTM,North America,Guatemala,8/21/2023,1250298
1326,GTM,North America,Guatemala,8/22/2023,1250298
1327,GTM,North America,Guatemala,8/23/2023,1250298
1328,GTM,North America,Guatemala,8/24/2023,1250298
1329,GTM,North America,Guatemala,8/25/2023,1250298
1330,GTM,North America,Guatemala,8/26/2023,1250298
1331,GTM,North America,Guatemala,8/27/2023,1250299
1332,GTM,North America,Guatemala,8/28/2023,1250299
1333,GTM,North America,Guatemala,8/29/2023,1250299
1334,GTM,North America,Guatemala,8/30/2023,1250299
1335,GTM,North America,Guatemala,8/31/2023,1250299
1336,GTM,North America,Guatemala,9/1/2023,1250299
1337,GTM,North America,Guatemala,9/2/2023,1250299
1338,GTM,North America,Guatemala,9/3/2023,1250301
1339,GTM,North America,Guatemala,9/4/2023,1250301
1340,GTM,North America,Guatemala,9/5/2023,1250301
1341,GTM,North America,Guatemala,9/6/2023,1250301
1342,GTM,North America,Guatemala,9/7/2023,1250301
1343,GTM,North America,Guatemala,9/8/2023,1250301
1344,GTM,North America,Guatemala,9/9/2023,1250301
1345,GTM,North America,Guatemala,9/10/2023,1250302
1346,GTM,North America,Guatemala,9/11/2023,1250302
1347,GTM,North America,Guatemala,9/12/2023,1250302
1348,GTM,North America,Guatemala,9/13/2023,1250302
1349,GTM,North America,Guatemala,9/14/2023,1250302
1350,GTM,North America,Guatemala,9/15/2023,1250302
1351,GTM,North America,Guatemala,9/16/2023,1250302
1352,GTM,North America,Guatemala,9/17/2023,1250302
1353,GTM,North America,Guatemala,9/18/2023,1250302
1354,GTM,North America,Guatemala,9/19/2023,1250302
1355,GTM,North America,Guatemala,9/20/2023,1250302
1356,GTM,North America,Guatemala,9/21/2023,1250302
1357,GTM,North America,Guatemala,9/22/2023,1250302
1358,GTM,North America,Guatemala,9/23/2023,1250302
1359,GTM,North America,Guatemala,9/24/2023,1250303
1360,GTM,North America,Guatemala,9/25/2023,1250303
1361,GTM,North America,Guatemala,9/26/2023,1250303
1362,GTM,North America,Guatemala,9/27/2023,1250303
1363,GTM,North America,Guatemala,9/28/2023,1250303
1364,GTM,North America,Guatemala,9/29/2023,1250303
1365,GTM,North America,Guatemala,9/30/2023,1250303
1366,GTM,North America,Guatemala,10/1/2023,1250303
1367,GTM,North America,Guatemala,10/2/2023,1250303
1368,GTM,North America,Guatemala,10/3/2023,1250303
1369,GTM,North America,Guatemala,10/4/2023,1250303
1370,GTM,North America,Guatemala,10/5/2023,1250303
1371,GTM,North America,Guatemala,10/6/2023,1250303
1372,GTM,North America,Guatemala,10/7/2023,1250303
1373,GTM,North America,Guatemala,10/8/2023,1250303
1374,GTM,North America,Guatemala,10/9/2023,1250303
1375,GTM,North America,Guatemala,10/10/2023,1250303
1376,GTM,North America,Guatemala,10/11/2023,1250303
1377,GTM,North America,Guatemala,10/12/2023,1250303
1378,GTM,North America,Guatemala,10/13/2023,1250303
1379,GTM,North America,Guatemala,10/14/2023,1250303
1380,GTM,North America,Guatemala,10/15/2023,1250303
1381,GTM,North America,Guatemala,10/16/2023,1250303
1382,GTM,North America,Guatemala,10/17/2023,1250303
1383,GTM,North America,Guatemala,10/18/2023,1250303
1384,GTM,North America,Guatemala,10/19/2023,1250303
1385,GTM,North America,Guatemala,10/20/2023,1250303
1386,GTM,North America,Guatemala,10/21/2023,1250303
1387,GTM,North America,Guatemala,10/22/2023,1250303
1388,GTM,North America,Guatemala,10/23/2023,1250303
1389,GTM,North America,Guatemala,10/24/2023,1250303
1390,GTM,North America,Guatemala,10/25/2023,1250303
1391,GTM,North America,Guatemala,10/26/2023,1250303
1392,GTM,North America,Guatemala,10/27/2023,1250303
1393,GTM,North America,Guatemala,10/28/2023,1250303
1394,GTM,North America,Guatemala,10/29/2023,1250303
1395,GTM,North America,Guatemala,10/30/2023,1250303
1396,GTM,North America,Guatemala,10/31/2023,1250303
1397,GTM,North America,Guatemala,11/1/2023,1250303
1398,GTM,North America,Guatemala,11/2/2023,1250303
1399,GTM,North America,Guatemala,11/3/2023,1250303
1400,GTM,North America,Guatemala,11/4/2023,1250303
1401,GTM,North America,Guatemala,11/5/2023,1250303
1402,GTM,North America,Guatemala,11/6/2023,1250303
1403,GTM,North America,Guatemala,11/7/2023,1250303
1404,GTM,North America,Guatemala,11/8/2023,1250303
1405,GTM,North America,Guatemala,11/9/2023,1250303
1406,GTM,North America,Guatemala,11/10/2023,1250303
1407,GTM,North America,Guatemala,11/11/2023,1250303
1408,GTM,North America,Guatemala,11/12/2023,1250304
1409,GTM,North America,Guatemala,11/13/2023,1250304
1410,GTM,North America,Guatemala,11/14/2023,1250304
1411,GTM,North America,Guatemala,11/15/2023,1250304
1412,GTM,North America,Guatemala,11/16/2023,1250304
1413,GTM,North America,Guatemala,11/17/2023,1250304
1414,GTM,North America,Guatemala,11/18/2023,1250304
1415,GTM,North America,Guatemala,11/19/2023,1250304
1416,GTM,North America,Guatemala,11/20/2023,1250304
1417,GTM,North America,Guatemala,11/21/2023,1250304
1418,GTM,North America,Guatemala,11/22/2023,1250304
1419,GTM,North America,Guatemala,11/23/2023,1250304
1420,GTM,North America,Guatemala,11/24/2023,1250304
1421,GTM,North America,Guatemala,11/25/2023,1250304
1422,GTM,North America,Guatemala,11/26/2023,1250304
1423,GTM,North America,Guatemala,11/27/2023,1250304
1424,GTM,North America,Guatemala,11/28/2023,1250304
1425,GTM,North America,Guatemala,11/29/2023,1250304
1426,GTM,North America,Guatemala,11/30/2023,1250304
1427,GTM,North America,Guatemala,12/1/2023,1250304
1428,GTM,North America,Guatemala,12/2/2023,1250304
1429,GTM,North America,Guatemala,12/3/2023,1250306
1430,GTM,North America,Guatemala,12/4/2023,1250306
1431,GTM,North America,Guatemala,12/5/2023,1250306
1432,GTM,North America,Guatemala,12/6/2023,1250306
1433,GTM,North America,Guatemala,12/7/2023,1250306
1434,GTM,North America,Guatemala,12/8/2023,1250306
1435,GTM,North America,Guatemala,12/9/2023,1250306
1436,GTM,North America,Guatemala,12/10/2023,1250306
1437,GTM,North America,Guatemala,12/11/2023,1250306
1438,GTM,North America,Guatemala,12/12/2023,1250306
1439,GTM,North America,Guatemala,12/13/2023,1250306
1440,GTM,North America,Guatemala,12/14/2023,1250306
1441,GTM,North America,Guatemala,12/15/2023,1250306
1442,GTM,North America,Guatemala,12/16/2023,1250306
1443,GTM,North America,Guatemala,12/17/2023,1250306
1444,GTM,North America,Guatemala,12/18/2023,1250306
1445,GTM,North America,Guatemala,12/19/2023,1250306
1446,GTM,North America,Guatemala,12/20/2023,1250306
1447,GTM,North America,Guatemala,12/21/2023,1250306
1448,GTM,North America,Guatemala,12/22/2023,1250306
1449,GTM,North America,Guatemala,12/23/2023,1250306
1450,GTM,North America,Guatemala,12/24/2023,1250306
1451,GTM,North America,Guatemala,12/25/2023,1250306
1452,GTM,North America,Guatemala,12/26/2023,1250306
1453,GTM,North America,Guatemala,12/27/2023,1250306
1454,GTM,North America,Guatemala,12/28/2023,1250306
1455,GTM,North America,Guatemala,12/29/2023,1250306
1456,GTM,North America,Guatemala,12/30/2023,1250306
1457,GTM,North America,Guatemala,12/31/2023,1250307
1458,GTM,North America,Guatemala,1/1/2024,1250307
1459,GTM,North America,Guatemala,1/2/2024,1250307
1460,GTM,North America,Guatemala,1/3/2024,1250307
1461,GTM,North America,Guatemala,1/4/2024,1250307
1462,GTM,North America,Guatemala,1/5/2024,1250307
1463,GTM,North America,Guatemala,1/6/2024,1250307
1464,GTM,North America,Guatemala,1/7/2024,1250308
1465,GTM,North America,Guatemala,1/8/2024,1250308
1466,GTM,North America,Guatemala,1/9/2024,1250308
1467,GTM,North America,Guatemala,1/10/2024,1250308
1468,GTM,North America,Guatemala,1/11/2024,1250308
1469,GTM,North America,Guatemala,1/12/2024,1250308
1470,GTM,North America,Guatemala,1/13/2024,1250308
1471,GTM,North America,Guatemala,1/14/2024,1250310
1472,GTM,North America,Guatemala,1/15/2024,1250310
1473,GTM,North America,Guatemala,1/16/2024,1250310
1474,GTM,North America,Guatemala,1/17/2024,1250310
1475,GTM,North America,Guatemala,1/18/2024,1250310
1476,GTM,North America,Guatemala,1/19/2024,1250310
1477,GTM,North America,Guatemala,1/20/2024,1250310
1478,GTM,North America,Guatemala,1/21/2024,1250316
1479,GTM,North America,Guatemala,1/22/2024,1250316
1480,GTM,North America,Guatemala,1/23/2024,1250316
1481,GTM,North America,Guatemala,1/24/2024,1250316
1482,GTM,North America,Guatemala,1/25/2024,1250316
1483,GTM,North America,Guatemala,1/26/2024,1250316
1484,GTM,North America,Guatemala,1/27/2024,1250316
1485,GTM,North America,Guatemala,1/28/2024,1250321
1486,GTM,North America,Guatemala,1/29/2024,1250321
1487,GTM,North America,Guatemala,1/30/2024,1250321
1488,GTM,North America,Guatemala,1/31/2024,1250321
1489,GTM,North America,Guatemala,2/1/2024,1250321
1490,GTM,North America,Guatemala,2/2/2024,1250321
1491,GTM,North America,Guatemala,2/3/2024,1250321
1492,GTM,North America,Guatemala,2/4/2024,1250322
1493,GTM,North America,Guatemala,2/5/2024,1250322
1494,GTM,North America,Guatemala,2/6/2024,1250322
1495,GTM,North America,Guatemala,2/7/2024,1250322
1496,GTM,North America,Guatemala,2/8/2024,1250322
1497,GTM,North America,Guatemala,2/9/2024,1250322
1498,GTM,North America,Guatemala,2/10/2024,1250322
1499,GTM,North America,Guatemala,2/11/2024,1250322
1500,GTM,North America,Guatemala,2/12/2024,1250322
1501,GTM,North America,Guatemala,2/13/2024,1250322
1502,GTM,North America,Guatemala,2/14/2024,1250322
1503,GTM,North America,Guatemala,2/15/2024,1250322
1504,GTM,North America,Guatemala,2/16/2024,1250322
1505,GTM,North America,Guatemala,2/17/2024,1250322
1506,GTM,North America,Guatemala,2/18/2024,1250328
1507,GTM,North America,Guatemala,2/19/2024,1250328
1508,GTM,North America,Guatemala,2/20/2024,1250328
1509,GTM,North America,Guatemala,2/21/2024,1250328
1510,GTM,North America,Guatemala,2/22/2024,1250328
1511,GTM,North America,Guatemala,2/23/2024,1250328
1512,GTM,North America,Guatemala,2/24/2024,1250328
1513,GTM,North America,Guatemala,2/25/2024,1250330
1514,GTM,North America,Guatemala,2/26/2024,1250330
1515,GTM,North America,Guatemala,2/27/2024,1250330
1516,GTM,North America,Guatemala,2/28/2024,1250330
1517,GTM,North America,Guatemala,2/29/2024,1250330
1518,GTM,North America,Guatemala,3/1/2024,1250330
1519,GTM,North America,Guatemala,3/2/2024,1250330
1520,GTM,North America,Guatemala,3/3/2024,1250333
1521,GTM,North America,Guatemala,3/4/2024,1250333
1522,GTM,North America,Guatemala,3/5/2024,1250333
1523,GTM,North America,Guatemala,3/6/2024,1250333
1524,GTM,North America,Guatemala,3/7/2024,1250333
1525,GTM,North America,Guatemala,3/8/2024,1250333
1526,GTM,North America,Guatemala,3/9/2024,1250333
1527,GTM,North America,Guatemala,3/10/2024,1250334
1528,GTM,North America,Guatemala,3/11/2024,1250334
1529,GTM,North America,Guatemala,3/12/2024,1250334
1530,GTM,North America,Guatemala,3/13/2024,1250334
1531,GTM,North America,Guatemala,3/14/2024,1250334
1532,GTM,North America,Guatemala,3/15/2024,1250334
1533,GTM,North America,Guatemala,3/16/2024,1250334
1534,GTM,North America,Guatemala,3/17/2024,1250337
1535,GTM,North America,Guatemala,3/18/2024,1250337
1536,GTM,North America,Guatemala,3/19/2024,1250337
1537,GTM,North America,Guatemala,3/20/2024,1250337
1538,GTM,North America,Guatemala,3/21/2024,1250337
1539,GTM,North America,Guatemala,3/22/2024,1250337
1540,GTM,North America,Guatemala,3/23/2024,1250337
1541,GTM,North America,Guatemala,3/24/2024,1250338
1542,GTM,North America,Guatemala,3/25/2024,1250338
1543,GTM,North America,Guatemala,3/26/2024,1250338
1544,GTM,North America,Guatemala,3/27/2024,1250338
1545,GTM,North America,Guatemala,3/28/2024,1250338
1546,GTM,North America,Guatemala,3/29/2024,1250338
1547,GTM,North America,Guatemala,3/30/2024,1250338
1548,GTM,North America,Guatemala,3/31/2024,1250338
